observation_date,IPG3261S
1972-01-01,23.6849
1972-02-01,23.9272
1972-03-01,24.2314
1972-04-01,24.4351
1972-05-01,24.7538
1972-06-01,25.0966
1972-07-01,25.2010
1972-08-01,25.5286
1972-09-01,26.0344
1972-10-01,26.6414
1972-11-01,27.5324
1972-12-01,27.9928
1973-01-01,28.6568
1973-02-01,28.9494
1973-03-01,28.9124
1973-04-01,29.1480
1973-05-01,29.4146
1973-06-01,29.1533
1973-07-01,29.6817
1973-08-01,29.7270
1973-09-01,29.7654
1973-10-01,29.6719
1973-11-01,29.8136
1973-12-01,29.4961
1974-01-01,29.5238
1974-02-01,29.2615
1974-03-01,28.6257
1974-04-01,28.5451
1974-05-01,28.4111
1974-06-01,28.5073
1974-07-01,28.0999
1974-08-01,28.4661
1974-09-01,28.0223
1974-10-01,27.4666
1974-11-01,25.9979
1974-12-01,24.6160
1975-01-01,23.6892
1975-02-01,21.7611
1975-03-01,21.3579
1975-04-01,21.6564
1975-05-01,21.9877
1975-06-01,22.3212
1975-07-01,23.0484
1975-08-01,24.0531
1975-09-01,24.7953
1975-10-01,25.1331
1975-11-01,25.1686
1975-12-01,25.4801
1976-01-01,25.7553
1976-02-01,25.8988
1976-03-01,26.2817
1976-04-01,26.5735
1976-05-01,27.1970
1976-06-01,27.0593
1976-07-01,27.5868
1976-08-01,27.6198
1976-09-01,27.8721
1976-10-01,28.3800
1976-11-01,28.9713
1976-12-01,29.5467
1977-01-01,29.7911
1977-02-01,30.8399
1977-03-01,31.3399
1977-04-01,32.0906
1977-05-01,32.7875
1977-06-01,33.4055
1977-07-01,33.5190
1977-08-01,33.7620
1977-09-01,34.5707
1977-10-01,35.2563
1977-11-01,35.6675
1977-12-01,35.9170
1978-01-01,35.3314
1978-02-01,34.9414
1978-03-01,36.4228
1978-04-01,36.2336
1978-05-01,36.2244
1978-06-01,36.3399
1978-07-01,36.3395
1978-08-01,35.8557
1978-09-01,36.3722
1978-10-01,36.4672
1978-11-01,36.8336
1978-12-01,36.8693
1979-01-01,36.9235
1979-02-01,36.6610
1979-03-01,36.5553
1979-04-01,35.2655
1979-05-01,35.8812
1979-06-01,36.0142
1979-07-01,36.2123
1979-08-01,35.4954
1979-09-01,35.4474
1979-10-01,35.9328
1979-11-01,35.9927
1979-12-01,35.6474
1980-01-01,36.1385
1980-02-01,35.9863
1980-03-01,35.9993
1980-04-01,35.2770
1980-05-01,32.8676
1980-06-01,31.3650
1980-07-01,31.2188
1980-08-01,32.3515
1980-09-01,32.8667
1980-10-01,33.6880
1980-11-01,34.1229
1980-12-01,34.6593
1981-01-01,34.5388
1981-02-01,34.3105
1981-03-01,34.7962
1981-04-01,35.2729
1981-05-01,35.6389
1981-06-01,35.6615
1981-07-01,35.9209
1981-08-01,36.6336
1981-09-01,36.8340
1981-10-01,36.5038
1981-11-01,36.1055
1981-12-01,35.8839
1982-01-01,34.6132
1982-02-01,36.6788
1982-03-01,36.6283
1982-04-01,36.7748
1982-05-01,37.3859
1982-06-01,37.3445
1982-07-01,37.6774
1982-08-01,37.7218
1982-09-01,37.6060
1982-10-01,36.4713
1982-11-01,36.3322
1982-12-01,36.4938
1983-01-01,36.6149
1983-02-01,36.5618
1983-03-01,37.6005
1983-04-01,38.6307
1983-05-01,39.0406
1983-06-01,39.3574
1983-07-01,40.1781
1983-08-01,40.6614
1983-09-01,41.4673
1983-10-01,41.8970
1983-11-01,42.4218
1983-12-01,42.9625
1984-01-01,43.8840
1984-02-01,44.5051
1984-03-01,44.6144
1984-04-01,45.7285
1984-05-01,45.9626
1984-06-01,46.5847
1984-07-01,47.0371
1984-08-01,47.4182
1984-09-01,47.6223
1984-10-01,48.0105
1984-11-01,48.2734
1984-12-01,48.8252
1985-01-01,48.7784
1985-02-01,48.2427
1985-03-01,48.6434
1985-04-01,48.6347
1985-05-01,48.6807
1985-06-01,48.8424
1985-07-01,49.1856
1985-08-01,49.4005
1985-09-01,49.5452
1985-10-01,49.8506
1985-11-01,50.2004
1985-12-01,50.6598
1986-01-01,50.9165
1986-02-01,51.0210
1986-03-01,51.3034
1986-04-01,50.8997
1986-05-01,51.3418
1986-06-01,51.3585
1986-07-01,51.7502
1986-08-01,52.7626
1986-09-01,53.5201
1986-10-01,54.2987
1986-11-01,55.1544
1986-12-01,56.0254
1987-01-01,56.5442
1987-02-01,57.7114
1987-03-01,58.4424
1987-04-01,58.9482
1987-05-01,59.2319
1987-06-01,59.2981
1987-07-01,59.5770
1987-08-01,59.5404
1987-09-01,59.9426
1987-10-01,60.6516
1987-11-01,61.0757
1987-12-01,61.2351
1988-01-01,61.0368
1988-02-01,60.7684
1988-03-01,61.0115
1988-04-01,61.6046
1988-05-01,61.4930
1988-06-01,61.6261
1988-07-01,61.4135
1988-08-01,61.4710
1988-09-01,62.0140
1988-10-01,62.4690
1988-11-01,63.2588
1988-12-01,63.4584
1989-01-01,64.0717
1989-02-01,64.3668
1989-03-01,64.4177
1989-04-01,64.2680
1989-05-01,64.3268
1989-06-01,64.2259
1989-07-01,64.4102
1989-08-01,64.8317
1989-09-01,65.1390
1989-10-01,65.3022
1989-11-01,65.2727
1989-12-01,64.9488
1990-01-01,65.0454
1990-02-01,65.6794
1990-03-01,66.4057
1990-04-01,66.5084
1990-05-01,67.0324
1990-06-01,67.8719
1990-07-01,67.6908
1990-08-01,67.9333
1990-09-01,67.9118
1990-10-01,67.4911
1990-11-01,65.9893
1990-12-01,66.1378
1991-01-01,65.4936
1991-02-01,64.5830
1991-03-01,64.2014
1991-04-01,64.5391
1991-05-01,65.3548
1991-06-01,66.3356
1991-07-01,67.2990
1991-08-01,68.3009
1991-09-01,68.7420
1991-10-01,69.1825
1991-11-01,69.3766
1991-12-01,69.3062
1992-01-01,69.3399
1992-02-01,70.0003
1992-03-01,70.8134
1992-04-01,71.9389
1992-05-01,72.7249
1992-06-01,73.2987
1992-07-01,74.0262
1992-08-01,73.9794
1992-09-01,74.0330
1992-10-01,74.0915
1992-11-01,74.4712
1992-12-01,74.7386
1993-01-01,75.6571
1993-02-01,76.1886
1993-03-01,75.7253
1993-04-01,76.4934
1993-05-01,76.8271
1993-06-01,77.3494
1993-07-01,78.2436
1993-08-01,78.3935
1993-09-01,78.5045
1993-10-01,79.3108
1993-11-01,80.4380
1993-12-01,81.2544
1994-01-01,81.6846
1994-02-01,81.1045
1994-03-01,83.4973
1994-04-01,84.7207
1994-05-01,84.8163
1994-06-01,85.8781
1994-07-01,86.3240
1994-08-01,87.0069
1994-09-01,87.5562
1994-10-01,88.1749
1994-11-01,88.5266
1994-12-01,88.9221
1995-01-01,89.1486
1995-02-01,88.6822
1995-03-01,87.5858
1995-04-01,87.0333
1995-05-01,86.6261
1995-06-01,85.8907
1995-07-01,84.5799
1995-08-01,86.1186
1995-09-01,87.1816
1995-10-01,87.5535
1995-11-01,87.5400
1995-12-01,87.4285
1996-01-01,87.2478
1996-02-01,87.7189
1996-03-01,88.2553
1996-04-01,88.3527
1996-05-01,89.9061
1996-06-01,90.4551
1996-07-01,90.9751
1996-08-01,92.2269
1996-09-01,92.3917
1996-10-01,92.3113
1996-11-01,92.2691
1996-12-01,93.3833
1997-01-01,92.6372
1997-02-01,94.1559
1997-03-01,94.6945
1997-04-01,95.2685
1997-05-01,95.3717
1997-06-01,94.9223
1997-07-01,95.6046
1997-08-01,96.8434
1997-09-01,96.7325
1997-10-01,97.2601
1997-11-01,98.2673
1997-12-01,98.6507
1998-01-01,98.5949
1998-02-01,98.7906
1998-03-01,98.7946
1998-04-01,98.7654
1998-05-01,99.1477
1998-06-01,99.4903
1998-07-01,99.3291
1998-08-01,99.5156
1998-09-01,100.2786
1998-10-01,101.2911
1998-11-01,102.1394
1998-12-01,102.5883
1999-01-01,102.6821
1999-02-01,103.8628
1999-03-01,104.6428
1999-04-01,105.0134
1999-05-01,105.4249
1999-06-01,105.9450
1999-07-01,106.4802
1999-08-01,107.2432
1999-09-01,106.8372
1999-10-01,107.9535
1999-11-01,108.8671
1999-12-01,109.3041
2000-01-01,109.7587
2000-02-01,109.1489
2000-03-01,107.9907
2000-04-01,108.8965
2000-05-01,108.3468
2000-06-01,108.0876
2000-07-01,107.6693
2000-08-01,106.8523
2000-09-01,106.9745
2000-10-01,105.7218
2000-11-01,104.6153
2000-12-01,102.6888
2001-01-01,104.0902
2001-02-01,102.6493
2001-03-01,102.0260
2001-04-01,102.2142
2001-05-01,101.7999
2001-06-01,101.9766
2001-07-01,101.9451
2001-08-01,101.3849
2001-09-01,101.1429
2001-10-01,101.4070
2001-11-01,100.8036
2001-12-01,101.7298
2002-01-01,102.0191
2002-02-01,103.3451
2002-03-01,104.9048
2002-04-01,105.7726
2002-05-01,106.4236
2002-06-01,107.7022
2002-07-01,108.5353
2002-08-01,108.4777
2002-09-01,108.0109
2002-10-01,108.0899
2002-11-01,107.4648
2002-12-01,107.6145
2003-01-01,107.9052
2003-02-01,107.6066
2003-03-01,107.0133
2003-04-01,106.0807
2003-05-01,106.7740
2003-06-01,105.4378
2003-07-01,105.4898
2003-08-01,106.0379
2003-09-01,106.1761
2003-10-01,106.8441
2003-11-01,106.6723
2003-12-01,106.2593
2004-01-01,106.6515
2004-02-01,107.1149
2004-03-01,107.2351
2004-04-01,107.4000
2004-05-01,108.3996
2004-06-01,108.5754
2004-07-01,107.9735
2004-08-01,107.6691
2004-09-01,107.1070
2004-10-01,107.5946
2004-11-01,107.5034
2004-12-01,108.3422
2005-01-01,108.7055
2005-02-01,108.3208
2005-03-01,108.0379
2005-04-01,107.7980
2005-05-01,107.0628
2005-06-01,107.1444
2005-07-01,106.6408
2005-08-01,108.7806
2005-09-01,111.1230
2005-10-01,110.8781
2005-11-01,111.8060
2005-12-01,112.3108
2006-01-01,112.3985
2006-02-01,112.2825
2006-03-01,112.6870
2006-04-01,112.4483
2006-05-01,111.4007
2006-06-01,110.7194
2006-07-01,111.3921
2006-08-01,109.8039
2006-09-01,108.9099
2006-10-01,108.8539
2006-11-01,107.3744
2006-12-01,108.4845
2007-01-01,108.9385
2007-02-01,105.9462
2007-03-01,106.3128
2007-04-01,107.0244
2007-05-01,107.1860
2007-06-01,107.2846
2007-07-01,106.7169
2007-08-01,106.0247
2007-09-01,106.2691
2007-10-01,105.6606
2007-11-01,105.5296
2007-12-01,103.8103
2008-01-01,102.6788
2008-02-01,101.5289
2008-03-01,99.7055
2008-04-01,99.1914
2008-05-01,98.4666
2008-06-01,99.3160
2008-07-01,98.5990
2008-08-01,96.9151
2008-09-01,95.5442
2008-10-01,92.8584
2008-11-01,89.8461
2008-12-01,86.1265
2009-01-01,83.7648
2009-02-01,81.6920
2009-03-01,79.3051
2009-04-01,78.9871
2009-05-01,78.6235
2009-06-01,78.8662
2009-07-01,79.4301
2009-08-01,79.5254
2009-09-01,80.8013
2009-10-01,81.3485
2009-11-01,82.1150
2009-12-01,83.7081
2010-01-01,84.6256
2010-02-01,86.2926
2010-03-01,87.5962
2010-04-01,89.1106
2010-05-01,88.9309
2010-06-01,87.9282
2010-07-01,87.5115
2010-08-01,87.7093
2010-09-01,87.1896
2010-10-01,86.8690
2010-11-01,86.9794
2010-12-01,87.6189
2011-01-01,87.0657
2011-02-01,86.6906
2011-03-01,86.2724
2011-04-01,86.5764
2011-05-01,86.4792
2011-06-01,86.5923
2011-07-01,87.2725
2011-08-01,88.1677
2011-09-01,88.3699
2011-10-01,88.8017
2011-11-01,88.9730
2011-12-01,89.9713
2012-01-01,90.7714
2012-02-01,92.3501
2012-03-01,91.5836
2012-04-01,92.0940
2012-05-01,92.0246
2012-06-01,92.2218
2012-07-01,94.0142
2012-08-01,93.3672
2012-09-01,91.9910
2012-10-01,92.8056
2012-11-01,94.2353
2012-12-01,94.8133
2013-01-01,95.3506
2013-02-01,94.7025
2013-03-01,95.0176
2013-04-01,95.4137
2013-05-01,95.0282
2013-06-01,94.4725
2013-07-01,93.8729
2013-08-01,93.5256
2013-09-01,93.9942
2013-10-01,94.4476
2013-11-01,94.0251
2013-12-01,94.4307
2014-01-01,93.9971
2014-02-01,94.6288
2014-03-01,96.1620
2014-04-01,96.0284
2014-05-01,97.8290
2014-06-01,99.1748
2014-07-01,97.9928
2014-08-01,97.2788
2014-09-01,98.2038
2014-10-01,98.1660
2014-11-01,99.2513
2014-12-01,98.8576
2015-01-01,98.9438
2015-02-01,98.3441
2015-03-01,98.1001
2015-04-01,98.6988
2015-05-01,98.7077
2015-06-01,98.7098
2015-07-01,99.3777
2015-08-01,100.0965
2015-09-01,100.5553
2015-10-01,100.3534
2015-11-01,99.9658
2015-12-01,100.7502
2016-01-01,100.3264
2016-02-01,100.7681
2016-03-01,101.4727
2016-04-01,102.0269
2016-05-01,101.7425
2016-06-01,101.9929
2016-07-01,103.4960
2016-08-01,102.2955
2016-09-01,102.6660
2016-10-01,102.6988
2016-11-01,101.6171
2016-12-01,100.1209
2017-01-01,99.2678
2017-02-01,100.8117
2017-03-01,99.1209
2017-04-01,99.3424
2017-05-01,99.6519
2017-06-01,99.9379
2017-07-01,99.9610
2017-08-01,99.2997
2017-09-01,100.5260
2017-10-01,99.9156
2017-11-01,101.7426
2017-12-01,100.4222
2018-01-01,100.8576
2018-02-01,101.4070
2018-03-01,101.5399
2018-04-01,101.7018
2018-05-01,101.4396
2018-06-01,101.1831
2018-07-01,102.9956
2018-08-01,102.5922
2018-09-01,102.8588
2018-10-01,103.3942
2018-11-01,103.6946
2018-12-01,104.0800
2019-01-01,103.7844
2019-02-01,103.0454
2019-03-01,101.7464
2019-04-01,100.6544
2019-05-01,102.0032
2019-06-01,101.8099
2019-07-01,99.6122
2019-08-01,100.9544
2019-09-01,99.3436
2019-10-01,99.4455
2019-11-01,100.3378
2019-12-01,100.5716
2020-01-01,101.7055
2020-02-01,102.3601
2020-03-01,98.0757
2020-04-01,87.1863
2020-05-01,89.3402
2020-06-01,94.8781
2020-07-01,94.9832
2020-08-01,98.4572
2020-09-01,99.7175
2020-10-01,100.5582
2020-11-01,100.4994
2020-12-01,103.1595
2021-01-01,103.8104
2021-02-01,102.4801
2021-03-01,101.6472
2021-04-01,100.9637
2021-05-01,100.5299
2021-06-01,102.1277
2021-07-01,103.4502
2021-08-01,103.2448
2021-09-01,102.4401
2021-10-01,102.3280
2021-11-01,103.6163
2021-12-01,101.7177
2022-01-01,99.9738
2022-02-01,102.0763
2022-03-01,100.9649
2022-04-01,99.6273
2022-05-01,97.7873
2022-06-01,97.0238
2022-07-01,96.9995
2022-08-01,96.4792
2022-09-01,95.9138
2022-10-01,95.8388
2022-11-01,94.6758
2022-12-01,93.2951
2023-01-01,93.7149
2023-02-01,93.4933
2023-03-01,94.8002
2023-04-01,95.5442
2023-05-01,96.8859
2023-06-01,97.9120
2023-07-01,97.6429
2023-08-01,98.2843
2023-09-01,99.5552
2023-10-01,98.9029
2023-11-01,98.6420
2023-12-01,99.5635
2024-01-01,98.3739
2024-02-01,98.7484
2024-03-01,98.7180
2024-04-01,99.4089
2024-05-01,99.2184
2024-06-01,97.4326
2024-07-01,97.6006
2024-08-01,95.7984
2024-09-01,94.7909
2024-10-01,94.5634
2024-11-01,94.6846
2024-12-01,94.7690
2025-01-01,93.9737
2025-02-01,94.6689
2025-03-01,96.6835
2025-04-01,96.4667
2025-05-01,95.6146
2025-06-01,95.4061
2025-07-01,94.4800
2025-08-01,95.3417
2025-09-01,95.5386
2025-10-01,93.9261
2025-11-01,94.4582
2025-12-01,94.4789
2026-01-01,95.2455
2026-02-01,95.7761
2026-03-01,97.3654
2026-04-01,96.9791
2026-05-01,97.0916
2026-06-01,96.4161
2026-07-01,97.1385
2026-08-01,96.5814
