observation_date,IPG3255A9S
1972-01-01,62.4488
1972-02-01,63.9166
1972-03-01,62.9037
1972-04-01,63.6305
1972-05-01,63.1047
1972-06-01,62.5798
1972-07-01,63.2758
1972-08-01,64.4044
1972-09-01,64.3222
1972-10-01,64.8749
1972-11-01,66.1275
1972-12-01,66.5644
1973-01-01,67.7530
1973-02-01,68.1241
1973-03-01,66.6119
1973-04-01,67.6435
1973-05-01,68.0430
1973-06-01,67.7998
1973-07-01,68.6831
1973-08-01,68.6124
1973-09-01,69.8922
1973-10-01,68.6197
1973-11-01,67.5102
1973-12-01,70.1280
1974-01-01,69.2805
1974-02-01,68.3564
1974-03-01,69.5603
1974-04-01,70.3601
1974-05-01,68.3401
1974-06-01,70.1410
1974-07-01,70.8346
1974-08-01,67.7680
1974-09-01,67.4925
1974-10-01,66.7894
1974-11-01,66.8196
1974-12-01,62.8308
1975-01-01,62.6600
1975-02-01,60.4590
1975-03-01,60.7004
1975-04-01,56.2251
1975-05-01,58.6435
1975-06-01,60.8183
1975-07-01,61.4814
1975-08-01,62.7279
1975-09-01,62.7625
1975-10-01,64.5111
1975-11-01,65.5071
1975-12-01,64.7433
1976-01-01,65.3551
1976-02-01,69.2720
1976-03-01,67.6028
1976-04-01,68.3977
1976-05-01,69.9987
1976-06-01,68.0404
1976-07-01,69.5589
1976-08-01,70.4547
1976-09-01,70.3626
1976-10-01,71.4204
1976-11-01,72.2184
1976-12-01,72.9570
1977-01-01,74.2464
1977-02-01,74.8869
1977-03-01,74.4763
1977-04-01,74.4786
1977-05-01,75.8148
1977-06-01,75.7100
1977-07-01,74.3980
1977-08-01,73.9554
1977-09-01,74.7385
1977-10-01,74.8460
1977-11-01,75.4573
1977-12-01,75.8302
1978-01-01,76.5678
1978-02-01,78.5120
1978-03-01,77.9042
1978-04-01,80.7867
1978-05-01,79.7062
1978-06-01,81.5318
1978-07-01,83.4814
1978-08-01,83.4518
1978-09-01,84.0238
1978-10-01,85.0216
1978-11-01,86.5578
1978-12-01,90.6726
1979-01-01,88.3028
1979-02-01,89.4756
1979-03-01,92.0395
1979-04-01,90.2508
1979-05-01,91.5290
1979-06-01,90.3907
1979-07-01,91.7571
1979-08-01,90.6691
1979-09-01,90.1477
1979-10-01,90.6263
1979-11-01,89.2162
1979-12-01,89.0317
1980-01-01,88.7487
1980-02-01,85.5754
1980-03-01,85.4963
1980-04-01,83.3103
1980-05-01,82.5622
1980-06-01,79.9636
1980-07-01,77.9425
1980-08-01,81.7090
1980-09-01,82.4449
1980-10-01,82.4790
1980-11-01,84.7648
1980-12-01,84.1723
1981-01-01,84.9215
1981-02-01,81.5630
1981-03-01,85.8204
1981-04-01,84.5659
1981-05-01,86.6565
1981-06-01,86.4302
1981-07-01,85.5225
1981-08-01,86.3819
1981-09-01,85.5785
1981-10-01,85.0988
1981-11-01,84.9052
1981-12-01,81.9380
1982-01-01,82.5832
1982-02-01,84.0029
1982-03-01,82.9827
1982-04-01,84.8733
1982-05-01,82.6124
1982-06-01,83.6680
1982-07-01,83.5140
1982-08-01,79.3371
1982-09-01,83.7898
1982-10-01,82.4377
1982-11-01,79.4046
1982-12-01,80.0914
1983-01-01,79.9679
1983-02-01,83.6189
1983-03-01,83.9598
1983-04-01,85.9394
1983-05-01,86.7364
1983-06-01,88.0556
1983-07-01,89.7429
1983-08-01,90.6858
1983-09-01,90.9237
1983-10-01,93.1212
1983-11-01,92.6455
1983-12-01,90.6061
1984-01-01,95.8287
1984-02-01,94.5788
1984-03-01,96.5042
1984-04-01,94.5834
1984-05-01,95.7862
1984-06-01,95.6202
1984-07-01,95.8928
1984-08-01,97.0834
1984-09-01,95.4419
1984-10-01,93.9719
1984-11-01,93.2044
1984-12-01,96.7345
1985-01-01,92.3049
1985-02-01,91.8157
1985-03-01,93.5625
1985-04-01,94.1591
1985-05-01,95.2610
1985-06-01,95.2474
1985-07-01,92.5035
1985-08-01,92.7473
1985-09-01,94.5862
1985-10-01,93.3546
1985-11-01,97.7113
1985-12-01,94.4518
1986-01-01,97.7036
1986-02-01,95.9534
1986-03-01,93.6207
1986-04-01,94.4399
1986-05-01,95.2748
1986-06-01,96.2653
1986-07-01,96.5696
1986-08-01,98.0911
1986-09-01,95.9761
1986-10-01,99.0275
1986-11-01,97.5062
1986-12-01,96.1560
1987-01-01,93.9366
1987-02-01,99.0198
1987-03-01,97.3469
1987-04-01,100.0455
1987-05-01,100.5560
1987-06-01,98.8862
1987-07-01,102.7709
1987-08-01,102.2577
1987-09-01,102.5596
1987-10-01,101.8874
1987-11-01,102.9857
1987-12-01,100.8379
1988-01-01,103.6548
1988-02-01,104.3286
1988-03-01,104.5417
1988-04-01,103.7732
1988-05-01,102.1825
1988-06-01,102.4250
1988-07-01,104.0654
1988-08-01,105.7442
1988-09-01,103.5143
1988-10-01,104.3088
1988-11-01,102.7926
1988-12-01,104.1003
1989-01-01,104.5072
1989-02-01,103.6716
1989-03-01,105.6132
1989-04-01,103.7790
1989-05-01,104.1363
1989-06-01,104.1779
1989-07-01,102.5882
1989-08-01,101.1759
1989-09-01,103.3281
1989-10-01,102.9728
1989-11-01,102.2168
1989-12-01,100.1704
1990-01-01,102.3835
1990-02-01,103.4191
1990-03-01,103.3861
1990-04-01,102.5162
1990-05-01,101.4640
1990-06-01,100.3026
1990-07-01,100.0582
1990-08-01,99.8032
1990-09-01,98.8145
1990-10-01,101.7308
1990-11-01,99.7026
1990-12-01,98.6528
1991-01-01,95.3930
1991-02-01,94.9788
1991-03-01,95.0681
1991-04-01,99.4860
1991-05-01,99.0755
1991-06-01,101.6531
1991-07-01,101.9546
1991-08-01,102.8432
1991-09-01,103.3157
1991-10-01,101.1453
1991-11-01,100.9004
1991-12-01,103.2572
1992-01-01,104.5243
1992-02-01,103.7113
1992-03-01,104.2181
1992-04-01,103.4284
1992-05-01,103.1108
1992-06-01,103.4581
1992-07-01,103.6052
1992-08-01,103.1443
1992-09-01,102.9218
1992-10-01,102.6721
1992-11-01,103.4054
1992-12-01,105.5902
1993-01-01,105.5997
1993-02-01,106.4367
1993-03-01,106.5778
1993-04-01,108.1403
1993-05-01,107.5146
1993-06-01,106.8963
1993-07-01,109.2359
1993-08-01,110.3039
1993-09-01,112.7666
1993-10-01,112.0409
1993-11-01,111.3409
1993-12-01,112.0178
1994-01-01,111.5424
1994-02-01,111.6937
1994-03-01,111.5493
1994-04-01,112.2863
1994-05-01,113.2614
1994-06-01,112.3285
1994-07-01,112.2100
1994-08-01,112.6641
1994-09-01,112.6401
1994-10-01,112.7290
1994-11-01,113.2464
1994-12-01,110.9720
1995-01-01,111.5664
1995-02-01,110.2091
1995-03-01,111.0972
1995-04-01,108.2535
1995-05-01,109.3918
1995-06-01,109.2039
1995-07-01,108.1043
1995-08-01,108.6160
1995-09-01,108.7446
1995-10-01,110.8624
1995-11-01,111.7466
1995-12-01,111.2959
1996-01-01,107.4821
1996-02-01,108.0221
1996-03-01,108.5966
1996-04-01,109.1042
1996-05-01,111.3960
1996-06-01,111.6857
1996-07-01,113.6929
1996-08-01,113.3177
1996-09-01,113.9014
1996-10-01,111.3594
1996-11-01,113.2618
1996-12-01,114.8049
1997-01-01,117.6249
1997-02-01,118.2973
1997-03-01,117.9857
1997-04-01,116.9919
1997-05-01,116.8490
1997-06-01,116.0392
1997-07-01,115.8328
1997-08-01,116.2608
1997-09-01,116.7405
1997-10-01,116.8850
1997-11-01,116.0426
1997-12-01,115.1749
1998-01-01,114.2419
1998-02-01,114.0107
1998-03-01,113.5774
1998-04-01,113.6915
1998-05-01,113.9103
1998-06-01,111.8936
1998-07-01,110.1388
1998-08-01,113.6836
1998-09-01,113.9373
1998-10-01,113.4266
1998-11-01,113.1350
1998-12-01,113.2892
1999-01-01,114.2419
1999-02-01,115.3521
1999-03-01,115.4511
1999-04-01,115.4829
1999-05-01,115.5609
1999-06-01,116.1972
1999-07-01,117.3210
1999-08-01,118.8359
1999-09-01,120.0398
1999-10-01,121.7640
1999-11-01,123.5553
1999-12-01,126.1398
2000-01-01,127.5558
2000-02-01,127.3458
2000-03-01,127.9700
2000-04-01,128.0151
2000-05-01,126.0024
2000-06-01,125.9756
2000-07-01,126.2717
2000-08-01,124.5695
2000-09-01,124.0440
2000-10-01,123.2517
2000-11-01,122.9475
2000-12-01,121.1668
2001-01-01,119.9669
2001-02-01,115.7736
2001-03-01,114.1955
2001-04-01,115.0332
2001-05-01,114.2783
2001-06-01,113.1599
2001-07-01,112.6491
2001-08-01,111.4834
2001-09-01,110.4275
2001-10-01,110.0136
2001-11-01,109.9022
2001-12-01,110.4940
2002-01-01,110.0405
2002-02-01,110.8721
2002-03-01,110.2158
2002-04-01,111.7465
2002-05-01,115.2361
2002-06-01,116.5930
2002-07-01,116.2611
2002-08-01,115.8844
2002-09-01,117.9894
2002-10-01,118.0341
2002-11-01,117.2162
2002-12-01,116.8081
2003-01-01,117.3859
2003-02-01,117.4820
2003-03-01,116.9713
2003-04-01,116.6788
2003-05-01,115.4725
2003-06-01,114.1481
2003-07-01,114.0139
2003-08-01,112.1956
2003-09-01,111.8048
2003-10-01,110.9508
2003-11-01,112.3471
2003-12-01,113.4119
2004-01-01,113.8078
2004-02-01,117.0357
2004-03-01,116.8973
2004-04-01,115.8093
2004-05-01,115.4748
2004-06-01,114.1961
2004-07-01,112.7180
2004-08-01,114.1465
2004-09-01,114.9500
2004-10-01,114.8904
2004-11-01,113.3993
2004-12-01,112.6937
2005-01-01,110.8705
2005-02-01,109.8480
2005-03-01,110.8565
2005-04-01,113.8229
2005-05-01,113.1938
2005-06-01,112.4654
2005-07-01,112.2545
2005-08-01,112.8035
2005-09-01,112.5141
2005-10-01,112.6226
2005-11-01,114.9315
2005-12-01,114.0975
2006-01-01,112.8086
2006-02-01,110.3334
2006-03-01,110.0494
2006-04-01,108.6066
2006-05-01,107.9394
2006-06-01,108.3065
2006-07-01,107.8340
2006-08-01,107.5425
2006-09-01,108.4687
2006-10-01,107.3839
2006-11-01,106.6139
2006-12-01,107.9739
2007-01-01,107.4805
2007-02-01,110.9614
2007-03-01,110.5266
2007-04-01,111.1097
2007-05-01,113.5962
2007-06-01,115.3460
2007-07-01,116.6617
2007-08-01,115.3533
2007-09-01,114.5937
2007-10-01,113.8716
2007-11-01,112.3226
2007-12-01,110.2401
2008-01-01,111.2832
2008-02-01,107.6220
2008-03-01,106.5567
2008-04-01,105.9532
2008-05-01,104.8616
2008-06-01,106.5872
2008-07-01,103.4645
2008-08-01,102.8158
2008-09-01,99.9984
2008-10-01,98.5445
2008-11-01,94.8025
2008-12-01,92.5163
2009-01-01,90.7572
2009-02-01,89.3952
2009-03-01,88.0897
2009-04-01,87.1276
2009-05-01,85.8769
2009-06-01,85.3060
2009-07-01,87.9741
2009-08-01,87.3039
2009-09-01,86.9984
2009-10-01,87.1720
2009-11-01,90.8456
2009-12-01,92.4820
2010-01-01,94.5419
2010-02-01,95.1399
2010-03-01,94.2559
2010-04-01,95.9416
2010-05-01,98.8556
2010-06-01,99.7357
2010-07-01,98.7264
2010-08-01,97.6660
2010-09-01,98.5611
2010-10-01,97.5695
2010-11-01,99.2050
2010-12-01,99.5472
2011-01-01,98.2363
2011-02-01,99.0931
2011-03-01,99.5481
2011-04-01,99.6370
2011-05-01,98.2888
2011-06-01,96.6356
2011-07-01,93.9126
2011-08-01,96.2113
2011-09-01,96.0182
2011-10-01,95.5781
2011-11-01,95.3383
2011-12-01,96.1511
2012-01-01,96.6551
2012-02-01,96.4177
2012-03-01,97.1046
2012-04-01,94.7891
2012-05-01,94.5851
2012-06-01,94.2792
2012-07-01,92.4094
2012-08-01,92.5896
2012-09-01,94.8893
2012-10-01,93.7355
2012-11-01,92.9794
2012-12-01,93.1499
2013-01-01,93.6949
2013-02-01,94.9057
2013-03-01,95.5487
2013-04-01,97.2248
2013-05-01,94.0498
2013-06-01,94.9461
2013-07-01,94.9168
2013-08-01,95.6733
2013-09-01,93.6160
2013-10-01,93.1237
2013-11-01,93.7833
2013-12-01,96.9605
2014-01-01,96.1007
2014-02-01,95.0304
2014-03-01,94.9728
2014-04-01,94.4764
2014-05-01,94.0259
2014-06-01,96.3461
2014-07-01,97.0957
2014-08-01,99.8551
2014-09-01,100.7906
2014-10-01,101.0387
2014-11-01,103.1146
2014-12-01,102.4652
2015-01-01,97.9573
2015-02-01,96.8079
2015-03-01,97.2876
2015-04-01,99.9366
2015-05-01,97.2337
2015-06-01,97.2277
2015-07-01,96.9061
2015-08-01,95.4604
2015-09-01,95.1320
2015-10-01,98.8013
2015-11-01,96.5137
2015-12-01,96.6009
2016-01-01,99.7395
2016-02-01,96.9978
2016-03-01,95.9322
2016-04-01,95.2139
2016-05-01,95.4787
2016-06-01,94.7794
2016-07-01,93.8934
2016-08-01,93.8430
2016-09-01,95.8752
2016-10-01,95.0575
2016-11-01,93.9670
2016-12-01,96.3815
2017-01-01,99.6749
2017-02-01,98.4783
2017-03-01,97.9113
2017-04-01,98.0722
2017-05-01,99.3967
2017-06-01,100.0515
2017-07-01,102.1124
2017-08-01,99.5083
2017-09-01,102.1881
2017-10-01,101.3735
2017-11-01,100.6482
2017-12-01,100.5847
2018-01-01,102.0834
2018-02-01,100.8214
2018-03-01,100.4647
2018-04-01,100.5599
2018-05-01,100.4136
2018-06-01,100.3393
2018-07-01,101.3326
2018-08-01,97.1366
2018-09-01,96.6357
2018-10-01,95.3391
2018-11-01,98.4330
2018-12-01,94.7686
2019-01-01,92.8011
2019-02-01,96.6661
2019-03-01,95.2850
2019-04-01,94.3950
2019-05-01,93.9388
2019-06-01,90.8541
2019-07-01,88.1687
2019-08-01,89.3898
2019-09-01,91.8225
2019-10-01,91.4837
2019-11-01,92.5628
2019-12-01,92.3408
2020-01-01,92.9803
2020-02-01,92.7759
2020-03-01,92.1200
2020-04-01,88.8910
2020-05-01,89.4885
2020-06-01,83.3077
2020-07-01,83.4781
2020-08-01,88.0525
2020-09-01,89.2584
2020-10-01,91.1443
2020-11-01,86.2752
2020-12-01,86.9922
2021-01-01,88.7359
2021-02-01,90.3335
2021-03-01,90.9464
2021-04-01,91.0425
2021-05-01,98.4913
2021-06-01,94.3216
2021-07-01,98.5873
2021-08-01,100.5768
2021-09-01,96.3618
2021-10-01,99.4405
2021-11-01,99.4130
2021-12-01,99.0210
2022-01-01,94.7284
2022-02-01,94.6535
2022-03-01,96.1829
2022-04-01,95.9686
2022-05-01,93.9628
2022-06-01,94.3108
2022-07-01,93.7047
2022-08-01,95.8725
2022-09-01,93.7403
2022-10-01,95.1234
2022-11-01,97.5994
2022-12-01,87.1403
2023-01-01,90.3836
2023-02-01,91.6544
2023-03-01,86.5410
2023-04-01,87.4357
2023-05-01,87.1712
2023-06-01,91.3601
2023-07-01,86.7047
2023-08-01,87.2382
2023-09-01,86.0815
2023-10-01,83.4781
2023-11-01,84.2409
2023-12-01,85.3943
2024-01-01,84.6048
2024-02-01,87.0433
2024-03-01,85.9026
2024-04-01,85.5107
2024-05-01,86.1376
2024-06-01,85.6384
2024-07-01,85.8083
2024-08-01,84.1776
2024-09-01,83.2652
2024-10-01,85.4075
2024-11-01,86.9616
2024-12-01,88.8123
2025-01-01,90.1487
2025-02-01,91.8328
2025-03-01,93.8597
2025-04-01,94.2860
2025-05-01,92.4132
2025-06-01,92.9166
2025-07-01,89.3227
2025-08-01,89.9306
2025-09-01,91.0603
2025-10-01,90.1078
2025-11-01,91.0060
2025-12-01,90.5151
2026-01-01,88.5716
2026-02-01,88.4373
2026-03-01,88.9535
2026-04-01,88.0537
2026-05-01,86.0429
2026-06-01,88.2104
2026-07-01,86.3411
2026-08-01,83.9737
