naics,industry,year,source,shipments_k,payroll_k,electricity_k,fuel_k,imports_usd,exports_usd,ppi_months
3241,Petroleum and coal products,2019,ASM,599709876.0,11538874.0,3016269.0,4959997.0,63293920567.0,93882128376.0,12
3241,Petroleum and coal products,2020,ASM,357765819.0,11732204.0,2537867.0,3868237.0,37179162382.0,62230126205.0,12
3241,Petroleum and coal products,2021,ASM,610354904.0,11387873.0,3590090.0,6643746.0,66438991064.0,93022358289.0,12
3241,Petroleum and coal products,2022,Economic Census,883348475.0,12433210.0,4389705.0,9375311.0,86667083493.0,156568752899.0,12
3241,Petroleum and coal products,2023,AIES,768756721.0,12840365.0,4235384.0,7588761.0,72288774418.0,130776560163.0,12
3241,Petroleum and coal products,2024,AIES,714967586.0,13307292.0,3950394.0,6351629.0,63476740057.0,126941729795.0,12
3251,Basic chemicals,2019,ASM,206299301.0,13610240.0,4251992.0,5617953.0,52226202872.0,61818104099.0,12
3251,Basic chemicals,2020,ASM,178752379.0,13735147.0,3779234.0,4592274.0,50792922035.0,57218986045.0,12
3251,Basic chemicals,2021,ASM,252755756.0,13870295.0,4572303.0,6674884.0,64391864693.0,72983958870.0,12
3251,Basic chemicals,2022,Economic Census,297894043.0,15778060.0,5795151.0,8424541.0,72470710731.0,79883320933.0,12
3251,Basic chemicals,2023,AIES,284913629.0,16904449.0,6066991.0,7083358.0,62900785609.0,72713817933.0,12
3251,Basic chemicals,2024,AIES,303946662.0,17875804.0,5564479.0,6825133.0,59022319644.0,70469831247.0,12
3252,Resins and synthetic rubber,2019,ASM,97028282.0,7891028.0,1904342.0,1734468.0,18980318005.0,39361587627.0,12
3252,Resins and synthetic rubber,2020,ASM,87865891.0,7694351.0,1467292.0,1373026.0,16180977583.0,35702134302.0,12
3252,Resins and synthetic rubber,2021,ASM,113056228.0,8025475.0,1746513.0,2118092.0,25003537005.0,45522427478.0,12
3252,Resins and synthetic rubber,2022,Economic Census,129679869.0,9173541.0,2094040.0,2703852.0,28130284107.0,52016793612.0,12
3252,Resins and synthetic rubber,2023,AIES,121212322.0,9469956.0,2592519.0,2399517.0,21124534345.0,46441564921.0,12
3252,Resins and synthetic rubber,2024,AIES,124036582.0,9581806.0,2091428.0,2093361.0,22041564987.0,47314874271.0,12
3253,Fertilizers and pesticides,2019,ASM,33609136.0,2576378.0,562819.0,471795.0,8516598839.0,8399548941.0,12
3253,Fertilizers and pesticides,2020,ASM,34627330.0,2598566.0,476615.0,393268.0,7256192965.0,7833183357.0,12
3253,Fertilizers and pesticides,2021,ASM,42322860.0,2617920.0,578169.0,561851.0,12511208247.0,9389856034.0,12
3253,Fertilizers and pesticides,2022,Economic Census,48810581.0,2876658.0,688426.0,862094.0,18108151243.0,16013092504.0,12
3253,Fertilizers and pesticides,2023,AIES,49860786.0,3306888.0,637175.0,818982.0,12791938227.0,11186947103.0,12
3253,Fertilizers and pesticides,2024,AIES,48764813.0,3478913.0,531511.0,637502.0,12057851911.0,10905330586.0,12
3259,Other chemical products,2019,ASM,45267315.0,5259326.0,435085.0,236579.0,14616893498.0,9265699550.0,12
3259,Other chemical products,2020,ASM,43212228.0,5279740.0,424198.0,246105.0,13493647994.0,8255567752.0,12
3259,Other chemical products,2021,ASM,47846264.0,5470369.0,453886.0,272677.0,16730461924.0,9416425298.0,12
3259,Other chemical products,2022,Economic Census,54747816.0,6140717.0,466723.0,327402.0,25334705240.0,15506598665.0,12
3259,Other chemical products,2023,AIES,54276219.0,6596988.0,526479.0,306655.0,23774584564.0,15689819195.0,12
3259,Other chemical products,2024,AIES,54578502.0,6808184.0,498380.0,292314.0,24575553280.0,17571629561.0,12
3261,Plastics products,2019,ASM,203685142.0,31496119.0,3243719.0,618576.0,37240040530.0,23562965139.0,12
3261,Plastics products,2020,ASM,195716255.0,32481696.0,3104710.0,601153.0,40156280222.0,22287404304.0,12
3261,Plastics products,2021,ASM,228427872.0,34329272.0,3471464.0,708360.0,49031500107.0,25965865262.0,12
3261,Plastics products,2022,Economic Census,253228580.0,37536519.0,3715657.0,917402.0,51827520433.0,27820772428.0,12
3261,Plastics products,2023,AIES,239241116.0,39026089.0,4264698.0,809567.0,44332815976.0,27408669156.0,12
3261,Plastics products,2024,AIES,240560327.0,40192335.0,4269969.0,634637.0,48053659432.0,28562454191.0,12
