observation_date,PCU32413241
1984-12-01,100.000
1985-01-01,
1985-02-01,
1985-03-01,
1985-04-01,
1985-05-01,
1985-06-01,
1985-07-01,99.400
1985-08-01,97.800
1985-09-01,98.200
1985-10-01,98.200
1985-11-01,100.700
1985-12-01,102.200
1986-01-01,96.100
1986-02-01,84.600
1986-03-01,71.100
1986-04-01,65.500
1986-05-01,66.800
1986-06-01,66.900
1986-07-01,57.100
1986-08-01,56.500
1986-09-01,60.800
1986-10-01,57.600
1986-11-01,57.700
1986-12-01,58.500
1987-01-01,63.600
1987-02-01,67.000
1987-03-01,66.000
1987-04-01,68.900
1987-05-01,69.500
1987-06-01,71.600
1987-07-01,73.100
1987-08-01,75.700
1987-09-01,72.900
1987-10-01,73.200
1987-11-01,74.200
1987-12-01,71.000
1988-01-01,67.300
1988-02-01,66.800
1988-03-01,65.700
1988-04-01,68.300
1988-05-01,70.500
1988-06-01,69.400
1988-07-01,69.200
1988-08-01,69.600
1988-09-01,66.700
1988-10-01,64.500
1988-11-01,67.200
1988-12-01,66.800
1989-01-01,68.500
1989-02-01,69.300
1989-03-01,71.500
1989-04-01,79.900
1989-05-01,82.900
1989-06-01,80.400
1989-07-01,77.700
1989-08-01,73.000
1989-09-01,75.600
1989-10-01,77.400
1989-11-01,75.900
1989-12-01,76.000
1990-01-01,87.400
1990-02-01,80.300
1990-03-01,78.500
1990-04-01,79.900
1990-05-01,80.200
1990-06-01,78.700
1990-07-01,77.100
1990-08-01,90.400
1990-09-01,104.800
1990-10-01,117.100
1990-11-01,116.700
1990-12-01,106.200
1991-01-01,97.500
1991-02-01,88.800
1991-03-01,79.600
1991-04-01,79.200
1991-05-01,81.900
1991-06-01,80.900
1991-07-01,78.300
1991-08-01,81.900
1991-09-01,83.500
1991-10-01,82.700
1991-11-01,83.800
1991-12-01,78.600
1992-01-01,72.700
1992-02-01,74.700
1992-03-01,74.300
1992-04-01,77.200
1992-05-01,81.900
1992-06-01,85.700
1992-07-01,84.200
1992-08-01,83.500
1992-09-01,84.500
1992-10-01,84.600
1992-11-01,83.100
1992-12-01,77.500
1993-01-01,77.300
1993-02-01,78.200
1993-03-01,79.700
1993-04-01,81.100
1993-05-01,82.500
1993-06-01,80.300
1993-07-01,77.700
1993-08-01,75.800
1993-09-01,76.700
1993-10-01,78.700
1993-11-01,75.900
1993-12-01,67.500
1994-01-01,67.500
1994-02-01,71.200
1994-03-01,70.700
1994-04-01,72.000
1994-05-01,73.500
1994-06-01,74.700
1994-07-01,78.000
1994-08-01,82.500
1994-09-01,79.500
1994-10-01,76.200
1994-11-01,77.800
1994-12-01,73.500
1995-01-01,74.300
1995-02-01,74.600
1995-03-01,75.300
1995-04-01,80.200
1995-05-01,83.400
1995-06-01,81.900
1995-07-01,78.100
1995-08-01,77.500
1995-09-01,77.600
1995-10-01,75.400
1995-11-01,73.400
1995-12-01,75.400
1996-01-01,79.400
1996-02-01,77.300
1996-03-01,81.800
1996-04-01,90.500
1996-05-01,92.800
1996-06-01,87.300
1996-07-01,86.300
1996-08-01,86.900
1996-09-01,89.900
1996-10-01,92.000
1996-11-01,92.500
1996-12-01,92.500
1997-01-01,92.900
1997-02-01,91.200
1997-03-01,87.300
1997-04-01,85.800
1997-05-01,85.500
1997-06-01,83.600
1997-07-01,81.300
1997-08-01,85.300
1997-09-01,86.100
1997-10-01,84.800
1997-11-01,83.600
1997-12-01,79.100
1998-01-01,73.800
1998-02-01,70.100
1998-03-01,65.600
1998-04-01,67.900
1998-05-01,70.200
1998-06-01,68.000
1998-07-01,67.000
1998-08-01,63.600
1998-09-01,64.200
1998-10-01,65.500
1998-11-01,63.300
1998-12-01,56.300
1999-01-01,58.600
1999-02-01,56.200
1999-03-01,59.900
1999-04-01,73.700
1999-05-01,75.400
1999-06-01,74.200
1999-07-01,79.600
1999-08-01,85.300
1999-09-01,90.200
1999-10-01,87.000
1999-11-01,89.500
1999-12-01,91.800
2000-01-01,94.000
2000-02-01,104.100
2000-03-01,111.000
2000-04-01,105.600
2000-05-01,109.000
2000-06-01,119.900
2000-07-01,115.700
2000-08-01,112.600
2000-09-01,125.100
2000-10-01,121.800
2000-11-01,121.900
2000-12-01,112.900
2001-01-01,112.700
2001-02-01,111.700
2001-03-01,106.600
2001-04-01,115.200
2001-05-01,122.800
2001-06-01,115.900
2001-07-01,101.700
2001-08-01,104.700
2001-09-01,114.900
2001-10-01,94.600
2001-11-01,86.300
2001-12-01,75.900
2002-01-01,77.700
2002-02-01,79.500
2002-03-01,89.200
2002-04-01,100.500
2002-05-01,99.700
2002-06-01,98.900
2002-07-01,101.100
2002-08-01,103.200
2002-09-01,109.600
2002-10-01,117.500
2002-11-01,106.700
2002-12-01,102.400
2003-01-01,116.500
2003-02-01,138.000
2003-03-01,145.900
2003-04-01,118.700
2003-05-01,111.000
2003-06-01,116.000
2003-07-01,118.300
2003-08-01,124.000
2003-09-01,122.100
2003-10-01,120.900
2003-11-01,115.500
2003-12-01,117.500
2004-01-01,131.500
2004-02-01,130.700
2004-03-01,134.300
2004-04-01,141.900
2004-05-01,152.000
2004-06-01,144.100
2004-07-01,152.300
2004-08-01,155.600
2004-09-01,158.900
2004-10-01,176.700
2004-11-01,170.300
2004-12-01,150.300
2005-01-01,155.900
2005-02-01,163.600
2005-03-01,182.700
2005-04-01,189.500
2005-05-01,184.000
2005-06-01,189.700
2005-07-01,204.700
2005-08-01,215.600
2005-09-01,241.500
2005-10-01,259.500
2005-11-01,208.200
2005-12-01,209.200
2006-01-01,216.100
2006-02-01,205.900
2006-03-01,222.800
2006-04-01,249.200
2006-05-01,260.000
2006-06-01,267.600
2006-07-01,267.400
2006-08-01,268.300
2006-09-01,227.100
2006-10-01,213.000
2006-11-01,211.800
2006-12-01,216.600
2007-01-01,203.200
2007-02-01,212.300
2007-03-01,237.100
2007-04-01,259.300
2007-05-01,274.300
2007-06-01,268.200
2007-07-01,283.100
2007-08-01,258.000
2007-09-01,267.400
2007-10-01,266.900
2007-11-01,305.500
2007-12-01,288.400
2008-01-01,294.900
2008-02-01,298.400
2008-03-01,337.000
2008-04-01,347.700
2008-05-01,384.000
2008-06-01,406.000
2008-07-01,429.600
2008-08-01,382.200
2008-09-01,382.600
2008-10-01,299.900
2008-11-01,221.400
2008-12-01,167.000
2009-01-01,178.600
2009-02-01,176.400
2009-03-01,168.000
2009-04-01,186.200
2009-05-01,206.500
2009-06-01,238.100
2009-07-01,225.900
2009-08-01,251.600
2009-09-01,241.500
2009-10-01,240.800
2009-11-01,258.400
2009-12-01,254.300
2010-01-01,275.600
2010-02-01,261.000
2010-03-01,278.200
2010-04-01,287.800
2010-05-01,292.000
2010-06-01,280.400
2010-07-01,278.800
2010-08-01,284.400
2010-09-01,282.400
2010-10-01,295.300
2010-11-01,302.800
2010-12-01,310.400
2011-01-01,321.100
2011-02-01,335.400
2011-03-01,371.400
2011-04-01,393.800
2011-05-01,409.300
2011-06-01,396.500
2011-07-01,396.100
2011-08-01,379.600
2011-09-01,385.700
2011-10-01,368.900
2011-11-01,372.600
2011-12-01,362.400
2012-01-01,371.100
2012-02-01,377.500
2012-03-01,401.200
2012-04-01,403.500
2012-05-01,387.600
2012-06-01,366.700
2012-07-01,357.300
2012-08-01,380.800
2012-09-01,401.100
2012-10-01,391.500
2012-11-01,360.000
2012-12-01,352.100
2013-01-01,355.100
2013-02-01,382.200
2013-03-01,372.300
2013-04-01,365.900
2013-05-01,364.900
2013-06-01,362.800
2013-07-01,363.000
2013-08-01,372.000
2013-09-01,370.000
2013-10-01,359.600
2013-11-01,346.500
2013-12-01,348.500
2014-01-01,350.100
2014-02-01,357.300
2014-03-01,363.600
2014-04-01,369.300
2014-05-01,364.800
2014-06-01,363.100
2014-07-01,361.100
2014-08-01,360.300
2014-09-01,353.000
2014-10-01,325.600
2014-11-01,304.800
2014-12-01,265.100
2015-01-01,218.300
2015-02-01,224.300
2015-03-01,236.900
2015-04-01,231.800
2015-05-01,256.800
2015-06-01,258.800
2015-07-01,256.000
2015-08-01,241.300
2015-09-01,215.200
2015-10-01,209.800
2015-11-01,202.800
2015-12-01,183.600
2016-01-01,167.900
2016-02-01,154.400
2016-03-01,161.500
2016-04-01,172.000
2016-05-01,186.400
2016-06-01,199.800
2016-07-01,197.300
2016-08-01,188.900
2016-09-01,194.900
2016-10-01,200.800
2016-11-01,195.700
2016-12-01,200.100
2017-01-01,210.700
2017-02-01,213.600
2017-03-01,214.800
2017-04-01,220.100
2017-05-01,214.900
2017-06-01,212.700
2017-07-01,211.700
2017-08-01,222.400
2017-09-01,238.800
2017-10-01,237.500
2017-11-01,247.700
2017-12-01,248.500
2018-01-01,254.500
2018-02-01,258.200
2018-03-01,255.200
2018-04-01,266.300
2018-05-01,284.300
2018-06-01,289.500
2018-07-01,290.800
2018-08-01,291.400
2018-09-01,293.700
2018-10-01,303.500
2018-11-01,280.900
2018-12-01,245.000
2019-01-01,226.500
2019-02-01,235.300
2019-03-01,254.900
2019-04-01,270.300
2019-05-01,268.800
2019-06-01,247.400
2019-07-01,250.900
2019-08-01,242.000
2019-09-01,236.600
2019-10-01,241.200
2019-11-01,238.100
2019-12-01,237.700
2020-01-01,236.100
2020-02-01,220.200
2020-03-01,190.500
2020-04-01,127.100
2020-05-01,135.300
2020-06-01,166.100
2020-07-01,188.400
2020-08-01,192.800
2020-09-01,187.500
2020-10-01,190.100
2020-11-01,193.800
2020-12-01,212.600
2021-01-01,229.900
2021-02-01,251.800
2021-03-01,283.700
2021-04-01,281.000
2021-05-01,305.900
2021-06-01,312.000
2021-07-01,324.303
2021-08-01,318.012
2021-09-01,321.730
2021-10-01,347.477
2021-11-01,349.256
2021-12-01,329.099
2022-01-01,348.282
2022-02-01,385.766
2022-03-01,450.359
2022-04-01,462.798
2022-05-01,512.996
2022-06-01,563.709
2022-07-01,495.499
2022-08-01,434.716
2022-09-01,438.860
2022-10-01,461.724
2022-11-01,442.257
2022-12-01,362.989
2023-01-01,388.303
2023-02-01,390.289
2023-03-01,380.578
2023-04-01,376.043
2023-05-01,349.413
2023-06-01,347.849
2023-07-01,344.751
2023-08-01,399.072
2023-09-01,408.204
2023-10-01,374.358
2023-11-01,350.800
2023-12-01,316.959
2024-01-01,317.948
2024-02-01,352.599
2024-03-01,359.325
2024-04-01,371.230
2024-05-01,341.251
2024-06-01,326.801
2024-07-01,345.181
2024-08-01,334.558
2024-09-01,302.891
2024-10-01,311.004
2024-11-01,300.309
2024-12-01,293.478
2025-01-01,310.471
2025-02-01,316.421
2025-03-01,304.059
2025-04-01,302.577
2025-05-01,303.331
2025-06-01,303.863
2025-07-01,314.419
2025-08-01,306.844
2025-09-01,310.035
2025-10-01,296.465
2025-11-01,307.045
2025-12-01,277.300
2026-01-01,276.763
2026-02-01,305.697
2026-03-01,385.057
2026-04-01,441.426
2026-05-01,509.731
2026-06-01,448.923
2026-07-01,438.425
2026-08-01,479.031
